{"lr": 0.0, "loss": 1.821, "epoch": 2, "_timestamp": 1694427439.8051956, "_runtime": 151.76194548606873, "_step": 2, "_wandb": {"runtime": 151}}