{"lr": 0.0, "loss": 2.09, "epoch": 0, "_timestamp": 1694538558.9280586, "_runtime": 127.77713561058044, "_step": 0, "_wandb": {"runtime": 127}}