{"lr": 0.0, "loss": 2.09, "epoch": 0, "_timestamp": 1694535453.5580356, "_runtime": 132.71362972259521, "_step": 0, "_wandb": {"runtime": 132}}