{"lr": 0.0, "loss": 1.821, "epoch": 2, "_timestamp": 1693901007.0561948, "_runtime": 158.05028986930847, "_step": 2, "_wandb": {"runtime": 158}}