{"lr": "0.000", "loss": "1.821", "epoch": 2, "_timestamp": 1693900257.3345594, "_runtime": 162.5068974494934, "_step": 2, "_wandb": {"runtime": 162}}