{"lr": 0.0, "loss": 2.09, "epoch": 0, "_timestamp": 1694530267.059044, "_runtime": 114.93276476860046, "_step": 0, "_wandb": {"runtime": 114}}