{"lr": 0.0, "loss": 1.431, "epoch": 9, "_timestamp": 1694519285.0587144, "_runtime": 168.69005846977234, "_step": 9, "_wandb": {"runtime": 168}}