{"lr": 0.0, "loss": 2.09, "epoch": 0, "_timestamp": 1694539167.702382, "_runtime": 122.15215611457825, "_step": 0, "_wandb": {"runtime": 127}}