{"lr": 0.0, "loss": 2.09, "epoch": 0, "_timestamp": 1694537012.4489172, "_runtime": 125.4479820728302, "_step": 0, "_wandb": {"runtime": 127}}