{"lr": 0.0, "loss": 0.458, "epoch": 32, "_timestamp": 1694519677.1756985, "_runtime": 270.8889105319977, "_step": 32, "_wandb": {"runtime": 272}}