{"lr": 0.0, "loss": 2.09, "epoch": 0, "_timestamp": 1694540891.06383, "_runtime": 131.72052788734436, "_step": 0, "_wandb": {"runtime": 137}}