{"lr": 0.0, "loss": 2.09, "epoch": 0, "_timestamp": 1694538758.9361217, "_runtime": 141.78621077537537, "_step": 0, "_wandb": {"runtime": 142}}