{"lr": "0.000", "loss": "2.090", "_timestamp": 1693897159.1747754, "_runtime": 130.85500526428223, "_step": 0, "_wandb": {"runtime": 130}}