{"lr": 0.0, "loss": 2.09, "epoch": 0, "_timestamp": 1694537183.5081072, "_runtime": 130.4632432460785, "_step": 0, "_wandb": {"runtime": 133}}