{"lr": 0.0, "loss": 1.821, "epoch": 2, "_timestamp": 1694516417.4902492, "_runtime": 126.89060115814209, "_step": 2, "_wandb": {"runtime": 126}}