{"lr": 0.0, "loss": 2.09, "epoch": 0, "_timestamp": 1694536607.5139148, "_runtime": 118.53321576118469, "_step": 0, "_wandb": {"runtime": 119}}