{"lr": 0.0, "loss": 1.821, "epoch": 2, "_timestamp": 1694427598.746562, "_runtime": 140.03654289245605, "_step": 2, "_wandb": {"runtime": 139}}