{"lr": 0.0, "loss": 1.821, "epoch": 2, "_timestamp": 1694428584.752661, "_runtime": 142.9488868713379, "_step": 2, "_wandb": {"runtime": 142}}