{"lr": "0.000", "loss": "2.090", "_timestamp": 1693739465.8249524, "_runtime": 129.15259528160095, "_step": 0, "_wandb": {"runtime": 128}}