{"lr": 0.0, "loss": 1.821, "epoch": 2, "_timestamp": 1694427846.6739485, "_runtime": 130.27869963645935, "_step": 2, "_wandb": {"runtime": 129}}