{"lr": 0.0, "loss": 2.09, "epoch": 0, "_timestamp": 1694537499.212557, "_runtime": 125.22642707824707, "_step": 0, "_wandb": {"runtime": 127}}