{"lr": 0.0, "loss": 2.09, "epoch": 0, "_timestamp": 1694519811.2262006, "_runtime": 117.14645266532898, "_step": 0, "_wandb": {"runtime": 116}}