{"lr": "0.000", "loss": "2.090", "_timestamp": 1693899617.9560826, "_runtime": 132.97834467887878, "_step": 0, "_wandb": {"runtime": 132}}