{"lr": "0.000", "loss": "2.090", "_timestamp": 1693896449.6986074, "_runtime": 134.24863147735596, "_step": 0, "_wandb": {"runtime": 133}}