{"lr": 0.0, "loss": 1.821, "epoch": 2, "_timestamp": 1694427156.2555122, "_runtime": 153.66066122055054, "_step": 2, "_wandb": {"runtime": 152}}