{"lr": 0.0, "loss": 2.09, "epoch": 0, "_timestamp": 1694522255.982872, "_runtime": 157.07792401313782, "_step": 0, "_wandb": {"runtime": 156}}