{"lr": 0.0, "loss": 1.431, "epoch": 9, "_timestamp": 1694518071.3344169, "_runtime": 163.82959294319153, "_step": 9, "_wandb": {"runtime": 167}}