{"lr": 0.0, "loss": 2.09, "epoch": 0, "_timestamp": 1694535206.3491037, "_runtime": 122.97077059745789, "_step": 0, "_wandb": {"runtime": 122}}