{"lr": 0.0, "loss": 2.09, "epoch": 0, "_timestamp": 1694541127.2896168, "_runtime": 132.92225885391235, "_step": 0, "_wandb": {"runtime": 138}}