{"lr": 0.0, "loss": 1.821, "epoch": 2, "_timestamp": 1694428131.9401338, "_runtime": 141.77977585792542, "_step": 2, "_wandb": {"runtime": 141}}