{"lr": 0.0, "loss": 2.09, "epoch": 0, "_timestamp": 1694521092.8503675, "_runtime": 128.1931574344635, "_step": 0, "_wandb": {"runtime": 127}}