{"lr": 0.0, "loss": 2.09, "epoch": 0, "_timestamp": 1694536072.8053687, "_runtime": 134.4149317741394, "_step": 0, "_wandb": {"runtime": 134}}