{"lr": 0.0, "loss": 2.09, "epoch": 0, "_timestamp": 1694522832.3409648, "_runtime": 126.52827572822571, "_step": 0, "_wandb": {"runtime": 125}}