{"lr": 0.0, "loss": 2.09, "epoch": 0, "_timestamp": 1694521498.563189, "_runtime": 122.51638603210449, "_step": 0, "_wandb": {"runtime": 121}}