{"lr": 0.0, "loss": 1.534, "epoch": 7, "_timestamp": 1694518343.989638, "_runtime": 161.079735994339, "_step": 7, "_wandb": {"runtime": 163}}