{"lr": 0.0, "loss": 2.09, "epoch": 0, "_timestamp": 1694540421.3088012, "_runtime": 138.34717226028442, "_step": 0, "_wandb": {"runtime": 144}}