{"lr": 0.0, "loss": 2.09, "epoch": 0, "_timestamp": 1694533499.7801418, "_runtime": 121.3122067451477, "_step": 0, "_wandb": {"runtime": 120}}