{"lr": 0.0, "loss": 1.821, "epoch": 2, "_timestamp": 1694515804.753589, "_runtime": 139.33359599113464, "_step": 2, "_wandb": {"runtime": 138}}