{"lr": 0.0, "loss": 2.09, "epoch": 0, "_timestamp": 1694520465.369546, "_runtime": 139.37082886695862, "_step": 0, "_wandb": {"runtime": 138}}