{"lr": 0.0, "loss": 2.09, "epoch": 0, "_timestamp": 1694537767.1163778, "_runtime": 115.40934991836548, "_step": 0, "_wandb": {"runtime": 117}}