{"lr": 0.0, "loss": 1.793, "epoch": 2, "_timestamp": 1694518697.272623, "_runtime": 134.30815410614014, "_step": 2, "_wandb": {"runtime": 137}}