{"lr": 0.0, "loss": 0.06, "epoch": 99, "_timestamp": 1694517083.881938, "_runtime": 592.2234470844269, "_step": 99, "_wandb": {"runtime": 591}}