{"lr": 0.0, "loss": 2.09, "epoch": 0, "_timestamp": 1694540707.0403907, "_runtime": 136.64476776123047, "_step": 0, "_wandb": {"runtime": 142}}