{"lr": 0.0, "loss": 2.09, "epoch": 0, "_timestamp": 1694539571.1546652, "_runtime": 144.12586331367493, "_step": 0, "_wandb": {"runtime": 150}}